time_tick,acc_X_value,acc_Y_value,acc_Z_value
0.025457,-2.772435,2.351489,-8.985311
0.059270,-3.641860,2.450254,-8.562120
0.092262,-3.769805,2.632369,-8.658341
0.126130,-3.639316,2.454593,-8.634997
0.161143,-3.460792,2.586279,-8.836865
0.194208,-3.238722,2.517144,-8.768777
0.227455,-3.576766,2.451750,-8.877867
0.259751,-3.402282,2.533605,-8.894926
0.293209,-3.483837,2.366603,-8.513636
0.325796,-3.324917,2.380520,-8.776260
0.359627,-2.965624,2.470904,-8.364293
0.392410,-3.085787,2.595108,-7.777243
0.426833,-2.334879,2.779318,-6.362070
0.459617,-3.083692,3.126191,-4.267518
0.493243,-4.412671,3.892812,-2.684445
0.527484,-5.551454,6.761916,0.148895
0.559451,-6.250287,7.807920,0.628500
0.593711,-5.578539,9.705393,-0.044145
0.627036,-6.825664,11.502904,-0.311407
0.659497,-8.566161,13.862474,-0.410920
0.693796,-10.148785,15.632002,-0.337146
0.725525,-11.118172,18.973828,-0.893668
0.758803,-9.165930,20.671228,-2.711829
0.792445,-7.784725,19.533492,-6.512611
0.825456,-4.768223,17.350202,-10.718475
0.860494,1.242635,13.586831,-12.882462
0.893765,4.520115,10.183203,-13.683950
0.926740,4.929538,6.743210,-13.008761
0.959092,6.156760,3.283914,-9.059683
0.993780,7.731004,1.159733,-7.598869
1.026856,5.714415,2.616357,-4.347577
1.059992,3.687352,3.101649,-2.631172
1.093734,2.228034,6.030611,-4.176535
1.125696,-0.491427,7.633885,-4.120568
1.160150,-5.369488,4.813565,-0.818547
1.193797,-6.939093,2.680853,-3.024284
1.225621,-9.938237,5.038478,-2.729787
1.258794,-17.303364,5.421115,-1.357411
1.292908,-22.577978,9.809544,-0.399098
1.325553,-20.531012,9.233269,1.677198
1.360493,-14.612634,13.535205,-0.566698
1.393423,-13.685446,23.856378,6.370300
1.425617,-11.145706,8.027746,7.707210
1.459157,-4.654644,6.514257,1.735559
1.493696,-3.724912,7.492473,-7.432017
1.525525,-10.788359,10.473510,-3.828615
1.558708,-6.321517,5.505663,-6.500939
1.592068,3.133673,2.426909,-10.731943
1.625390,12.118235,2.115502,-7.733996
1.658807,14.838894,3.330154,-3.036704
1.691877,13.172021,-1.295758,-5.927656
1.725390,4.361793,-1.925007,-4.429581
1.758822,-4.397108,-5.018127,-15.371323
1.794236,-29.236191,-0.741780,-6.236220
1.825626,-19.850137,-0.064496,1.115139
1.860119,-5.923766,20.992062,7.715590
1.893738,-0.676536,16.540933,6.806809
1.925536,-14.659921,14.402385,10.458246
1.960134,-13.643696,10.190236,2.940783
1.993473,-8.704281,4.118473,-1.093591
2.025684,-5.733270,0.044294,-9.651671
2.059187,2.705844,7.502648,-14.831262
2.093025,10.389111,3.953417,-10.610732
2.125565,8.374319,-3.466329,-8.069047
2.160152,4.670656,3.188442,-9.724397
2.193590,-2.530911,-3.089379,-19.138585
2.227030,-21.248700,2.621744,-8.085807
2.259045,-22.901656,9.701203,3.523642
2.293808,-4.944802,14.925687,5.205330
2.325632,-6.005620,8.381501,7.939307
2.360179,-19.865999,9.054146,4.336054
2.393336,-9.971757,15.351421,2.573260
2.426780,-6.724655,8.672856,-5.768137
2.461362,-1.807537,0.900102,-8.471287
2.493143,9.260205,4.074179,-14.501299
2.526870,13.503181,-2.072854,-7.984050
2.560595,11.288016,-1.058425,-6.615116
2.593293,2.797425,0.141113,-13.878934
2.625802,-12.920322,-0.050280,-18.685615
2.659475,-26.451486,7.099361,2.052203
2.692849,-12.082022,7.806274,9.371838
2.727663,-4.129547,9.876883,4.034374
2.760257,-15.725079,10.176319,10.441486
2.793065,-12.136193,11.814760,0.989738
2.826595,-7.579715,10.228993,-6.689638
2.861339,-3.030868,3.802427,-12.893835
2.893261,12.177793,2.768993,-16.706588
2.926350,8.306231,-2.148424,-8.112593
2.962031,4.917417,-1.528154,-4.035272
2.992776,-0.216384,0.909380,-21.247203
3.026454,-21.665007,4.328422,-11.161867
3.060657,-18.910230,4.925797,4.135383
3.092810,-2.380969,12.064963,9.425111
3.126439,-9.644787,5.722945,3.418593
3.160243,-14.976565,16.005361,3.203407
3.193090,-13.891804,11.656587,-0.215336
3.226566,-5.653511,5.357367,-6.451107
3.261438,0.731754,2.043225,-11.422396
3.293698,9.920729,2.939736,-13.469362
3.326711,13.368203,-1.023408,-14.112527
3.360670,3.149834,1.003356,-16.496938
3.393009,-9.140640,-1.610607,-18.359693
3.425644,-18.828375,2.852195,2.099939
3.459535,-7.605603,8.832076,10.125141
3.492913,-1.551049,13.450058,6.307301
3.526735,-13.810099,7.541406,0.931677
3.560260,-10.795691,13.453350,2.575954
3.592983,-11.031678,7.232244,-5.820811
3.626374,-2.215464,1.840758,-11.286221
3.661061,7.595726,3.904783,-14.907730
3.692889,11.998820,0.155928,-10.848066
3.726248,8.765336,-2.404014,-9.397577
3.761581,-2.600495,1.798110,-17.379233
3.793283,-17.324463,1.986360,-14.628197
3.825663,-20.159898,6.314783,4.420752
3.859904,-3.572875,16.167424,10.456600
3.892649,-9.029904,6.375089,2.401769
3.925750,-15.507948,8.669414,1.309525
3.959996,-13.245047,11.696691,-1.502415
3.993948,-7.317690,7.076465,-7.088437
4.025653,5.682092,3.374448,-13.391398
4.059850,13.571867,3.415451,-14.198123
4.092029,9.174609,0.487537,-7.465537
4.125437,0.251251,1.969750,-13.259562
4.158810,-7.162959,0.786374,-18.381092
4.192104,-19.913137,6.471908,-6.165738
4.225553,-11.409078,9.103379,12.895331
4.259554,-2.546474,11.331563,7.605603
4.294249,-16.636854,10.298128,-0.589593
4.325402,-17.281665,13.699363,4.162767
4.359174,-8.666871,10.677024,-7.375302
4.394188,1.498076,2.881824,-11.951833
4.425400,7.972078,2.139894,-13.246094
4.459212,10.491018,0.818846,-10.184400
4.494108,7.660522,3.086535,-14.460297
4.525396,-3.955961,-0.582410,-20.688586
4.559283,-22.828929,5.065264,-4.882101
4.592956,-9.920280,5.660993,10.505683
4.625586,0.841442,11.676938,6.805163
4.660538,-10.063638,3.294689,5.136943
4.692030,-17.623899,18.775551,5.856277
4.725342,-8.081767,12.387443,-2.595258
4.758554,-2.638205,5.735964,-8.702486
4.792101,-2.213967,4.636238,-11.189701
4.825511,13.583240,0.181517,-12.657249
4.858736,11.142264,-1.913784,-11.677687
4.892163,2.418080,1.503463,-15.960019
4.925602,-17.265504,-2.294775,-12.213857
4.958735,-19.552796,1.504510,1.679892
4.992924,-2.084377,11.074326,11.362988
5.025170,-6.689339,10.275383,4.792166
5.058799,-16.026909,13.359075,5.530504
5.092404,-14.152033,13.910509,1.920667
5.125047,-7.350462,10.658020,-8.763839
5.158738,0.226410,5.315766,-9.546621
5.192107,16.236709,0.284022,-15.245623
5.225334,11.456664,-0.498910,-7.636579
5.258452,2.987173,-0.830967,-6.954656
5.292016,-11.162167,-1.647270,-15.735255
5.325353,-22.532487,5.420965,-2.642096
5.358917,-13.257467,4.677988,10.625098
5.392114,-7.318737,12.406897,3.387916
5.425435,-14.246757,7.632090,3.569433
5.459950,-15.408734,12.699748,1.203429
5.492792,-7.349414,9.333680,-6.254926
5.526130,-0.525396,5.722646,-6.405766
5.559094,5.969108,3.355593,-11.328270
5.592828,13.576955,2.387104,-10.433256
5.626181,8.885200,-0.528838,-2.838876
5.658990,3.187544,-4.698190,-17.073063
5.692524,-15.363243,-4.767774,-9.775725
5.725436,-17.177813,4.214544,-3.457051
5.759115,-10.315337,8.940867,10.371453
5.793931,-7.917908,8.397214,3.335541
5.825403,-13.668836,13.405314,0.711851
5.859001,-17.401080,16.524472,3.683461
5.892279,-3.234682,7.798193,-7.879300
5.925538,4.756700,-0.106396,-14.455509
5.959273,12.065860,3.579310,-15.138629
5.992222,8.601327,-2.294775,-10.429365
6.025540,6.944331,1.419064,-16.652117
6.059518,-6.839730,2.210675,-19.324142
6.092143,-24.203101,1.831779,5.457329
6.125437,-6.783764,4.126255,10.855099
6.159257,-2.555303,6.607335,4.161121
6.192616,-19.062716,16.514147,5.987364
6.225365,-13.935200,15.000359,2.014194
6.259041,-7.717236,10.896102,-5.443113
6.292081,0.366476,-1.329129,-10.080996
6.325763,8.954335,2.076446,-11.995528
6.359110,10.366814,-0.293300,-10.299774
6.393821,7.510430,1.562721,-3.629440
6.425472,0.275343,-3.441488,-17.781922
6.458966,-12.825298,-0.827825,-12.372329
6.492235,-18.994329,3.986039,-1.292167
6.525403,-9.069560,13.938193,11.016115
6.559338,-9.538840,10.668495,5.055388
6.592116,-12.119582,9.276366,0.963551
6.625558,-15.589353,14.290752,-3.283914
6.659159,-7.329512,7.992280,-7.694790
6.692046,2.791290,-0.670700,-9.961132
6.725361,11.813114,1.896425,-12.754966
6.758842,10.922738,2.421672,-11.685767
6.792165,4.465495,-0.880649,-11.417308
6.825395,-9.261851,-0.526145,-14.618171
6.859846,-24.574365,-4.629953,-7.221619
6.892136,-11.375707,2.152614,9.581039
6.925389,-6.335284,11.265720,9.728438
6.959017,-6.785859,12.998585,2.452798
6.992309,-12.934987,12.965364,3.442386
7.025538,-11.035120,14.939604,1.075783
7.059726,-0.836654,8.924256,-8.377760
7.091936,5.114197,-1.919620,-12.456578
7.125525,11.693848,-1.415024,-12.918526
7.159835,8.654151,-1.604472,-12.756014
7.192374,0.114626,0.266065,-20.321512
7.227352,-21.583601,-1.192205,-8.403499
7.258612,-21.762723,-0.169545,2.677861
7.292275,-3.061096,9.711378,11.220527
7.325707,-6.267047,8.944758,3.963742
7.358949,-14.979409,10.499099,1.806939
7.394529,-13.247292,17.653378,1.335863
7.426711,-2.153661,8.556434,-7.085145
7.459096,5.216703,0.984651,-12.204280
7.493477,11.610497,0.391915,-13.583539
7.526311,9.497090,-1.576339,-8.393024
7.558803,2.950211,1.590555,-9.914893
7.594128,-14.764970,0.673693,-9.613512
7.625968,-22.215094,3.244409,-2.455790
7.658930,-12.635252,7.213987,7.203213
7.693568,-11.730361,12.447001,2.841720
7.726011,-15.088498,12.216551,2.042177
7.760071,-11.516521,12.039374,-4.242826
7.793727,-3.028923,8.468145,-10.501493
7.826015,1.594745,1.259994,-5.693914
7.860010,11.632943,-0.524947,-10.494011
7.893650,14.122403,0.415110,-5.836823
7.926298,5.787441,2.799371,-7.559064
7.959046,-5.044913,-0.286117,-13.723156
7.993595,-19.856422,5.696159,-9.219203
8.026117,-14.165501,9.985225,3.923189
8.059161,-12.930348,15.305181,6.166038
8.093479,-16.194509,6.342916,2.561887
8.126110,-13.080739,12.992599,0.163111
8.159028,-10.113469,11.678584,-11.153487
8.193489,1.469045,5.544122,-5.036533
8.226144,16.777668,-0.871969,-11.931481
8.259222,15.454375,-0.800141,-8.614496
8.293365,2.037538,5.346892,-11.069538
8.325834,-11.126552,-0.948138,-15.735704
8.358764,-25.487336,5.558936,-4.521162
8.392710,-9.702549,5.485162,7.979560
8.425444,-7.994375,11.853517,8.841803
8.459530,-14.990781,8.451534,2.143486
8.492531,-12.565219,16.243443,1.724186
8.527290,-8.049743,13.099594,-7.003140
8.559965,2.679507,0.136025,-6.983088
8.593123,12.991701,3.047479,-10.885327
8.625592,14.640467,-0.259631,-7.690151
8.660061,6.801272,-0.936765,-9.325898
8.693313,-4.887189,1.586963,-18.046191
8.726400,-25.024940,4.387082,-8.752915
8.759585,-15.725977,10.648143,7.317839
8.793001,-10.629139,10.213131,8.059171
8.825613,-14.374701,3.397793,-2.729038
8.859540,-15.830578,13.285301,-0.502351
8.893007,-5.301999,8.554638,-10.429664
8.925442,5.417075,0.854761,-11.237437
8.959504,13.913352,2.877035,-8.667768
8.993417,14.077511,-0.629398,-6.213474
9.025522,8.366238,3.894907,-9.475840
9.059617,-15.545358,1.988605,-10.800330
9.092547,-25.836603,8.214650,-0.225811
9.125924,-10.970624,6.145237,4.901555
9.159501,-11.461453,7.349713,5.637948
9.192474,-14.176574,7.943796,2.766449
9.226579,-11.476866,14.489178,-0.203963
9.259453,-4.927892,13.364612,-10.727304
9.292252,4.722282,3.242763,-8.312366
9.326443,12.700197,-5.590810,-9.037686
9.359706,13.292933,0.752405,-16.924917
9.393376,-1.328231,11.639977,-21.357939
9.427745,-17.413052,-7.189745,-10.268798
9.459219,-11.318394,4.636836,-5.436678
9.492420,5.997989,14.746564,4.316152
9.525721,-2.385458,14.205306,0.745671
9.560825,-14.904437,12.056433,1.452883
9.592453,-9.966220,1.974090,-0.620120
9.625619,-4.778399,-2.013895,2.496344
9.660707,-1.058125,-2.396233,1.433729
9.692121,-1.707276,-1.883107,-2.927615
9.726693,-4.356705,0.509834,-5.134250
9.760404,-9.175208,14.472718,-6.088672
9.792554,-10.461089,13.095703,-5.977338
9.826843,-9.428553,14.154726,-3.898498
9.860257,-9.752081,18.611393,-5.392833
9.892462,-7.034266,15.019064,-0.692697
9.925655,-4.902752,8.876071,1.892385
9.960468,-3.611782,3.836097,1.178139
9.992542,-3.434156,4.108896,0.478259
10.025646,-3.273888,7.208899,0.597973
10.060472,-3.834301,10.756934,1.659091
10.092105,-4.310166,11.842294,1.401107
10.125671,-3.465880,11.092732,1.375069
10.159102,-3.226901,10.140554,0.537218
10.192484,-3.350805,9.946018,0.607999
10.226884,-3.752447,9.476888,0.397601
10.259097,-4.113535,9.941828,0.564752
10.293263,-4.076274,9.931503,1.013083
10.326766,-3.248000,8.923359,1.806041
10.359494,-2.437684,7.927185,1.941767
10.394013,-2.466714,7.937960,1.118731
10.426015,-2.467313,13.427312,0.281478
10.459225,-1.581576,5.994098,2.125528
10.493318,-0.536171,6.444374,1.885651
10.528483,-2.848304,13.926371,1.873380
10.558839,-4.160972,14.204258,3.226751
10.592571,-6.500041,12.433683,4.003996
10.626213,-7.392511,11.480607,2.262601
10.660676,-7.024539,9.668880,0.104151
10.692448,-6.635617,9.150367,0.054171
10.726049,-3.726858,8.711165,-0.350464
10.759993,-0.150541,6.583990,1.235153
10.792544,-0.308863,7.969534,2.747594
10.826055,-3.944438,8.882057,3.219418
10.859860,-5.152805,9.020477,7.838148
10.892490,-6.151223,10.912712,6.621551
10.926072,-7.573729,14.086340,5.282246
10.960426,-9.152312,24.795537,5.432338
10.996293,-10.476952,24.238416,2.689982
11.026496,-12.639292,25.080607,-0.181966
11.059344,-8.046601,23.425855,-4.767475
11.093274,-1.901513,18.032274,-10.792998
11.125888,5.128264,12.866001,-13.694125
11.159595,8.246075,8.153895,-12.607418
11.192975,7.498907,8.227519,-7.706013
11.226623,8.192502,6.811448,-4.444844
11.259589,8.254155,4.946448,-1.882209
11.293498,4.715698,6.078646,-1.860211
11.326320,1.456026,8.037472,-2.187181
11.359775,-1.655949,6.965580,0.305272
11.393654,-7.317839,5.013338,-2.161592
11.428108,-13.406362,6.999100,-5.424856
11.459973,-21.382032,11.021353,-1.084462
11.495701,-24.509270,12.972248,-1.102869
11.526078,-20.929811,18.820444,3.715335
11.558876,-12.742396,17.597711,4.699686
11.592696,-16.598845,5.905060,3.229145
11.625840,-12.443709,2.186732,2.190473
11.659359,-13.191774,14.428274,-6.793490
11.694217,-11.162915,9.221597,-6.831949
11.725544,-0.159220,5.941424,-9.883617
11.758677,15.916772,1.198939,-8.304735
11.792447,18.671699,-0.078114,-3.896403
11.825473,12.028899,-0.131686,-4.720487
11.858927,1.569455,-1.935781,-10.904631
11.892320,-14.468827,-0.047437,-9.114752
11.925648,-30.143327,2.927166,-7.791609
11.959290,-12.760653,13.911856,3.251292
11.993267,-9.445463,15.557030,7.737438
12.026021,-7.779338,11.311061,1.289773
12.059233,-12.338360,9.700155,0.644213
12.094767,-11.811168,12.989157,-3.544443
12.126483,-6.052309,3.840137,-9.885862
12.160229,-1.114990,-1.859912,-10.292292
12.193156,8.508698,4.865341,-11.083305
12.226405,8.153446,-1.213455,-9.924320
12.260385,4.920410,2.796228,-8.740345
12.292698,-3.254734,0.148595,-16.678006
12.326207,-22.015470,-0.187802,-10.369807
12.359870,-15.970195,4.083906,1.384347
12.392654,-7.023192,14.225059,12.226577
12.426350,-5.159988,9.574605,1.024156
12.460307,-15.954332,7.879599,-0.507439
12.493105,-16.630120,12.404802,-1.457971
12.527071,-5.117340,7.501002,-9.980586
12.559685,4.198233,-2.410299,-10.788209
12.594091,9.418677,-2.492303,-11.476417
12.626649,9.670227,3.368612,-8.194597
12.660094,3.401683,2.423318,-8.551645
12.693933,-6.624544,5.051647,-15.984411
12.726617,-22.897316,8.443603,-12.651862
12.759325,-18.280981,0.579268,5.001367
12.794904,-9.051603,5.791032,12.446851
12.826687,-9.055793,1.735858,2.291931
12.860271,-14.622809,8.823696,1.999679
12.893755,-11.871175,15.605814,1.343195
12.928167,-4.906194,6.049166,-6.014300
12.959676,1.634849,3.153127,-9.090659
12.994008,9.680552,5.694513,-11.414016
13.027240,11.477464,-2.189426,-9.080933
13.059679,8.413675,-5.001217,-6.986530
13.093830,-0.942601,-2.658706,-15.918717
13.127786,-24.939793,-1.143422,-13.112762
13.159323,-24.288547,1.740347,-0.965496
13.194168,-9.991360,11.886439,4.034374
13.225513,-10.390009,7.916112,1.603873
13.259561,-15.822347,6.072511,0.128094
13.293851,-12.910146,7.942000,-0.620420
13.326070,-2.176856,9.164583,-9.493648
13.359064,0.208902,2.557847,-8.893879
13.393939,2.586279,-0.947090,-8.213602
13.426994,10.416197,2.568023,-6.844369
13.460126,8.108253,-0.766920,-1.778955
13.493844,2.839625,-0.598273,-5.279852
13.526841,-9.038733,2.078391,-15.206567
13.562442,-27.337372,1.555838,-12.176896
13.592476,-21.527934,0.927637,-0.090235
13.625675,-10.227048,11.402793,7.686859
13.659369,-9.177752,3.365919,-0.416157
13.692824,-6.251484,5.580784,-1.258198
13.727924,-9.412541,14.900547,-1.572448
13.759462,-5.946062,10.356788,-5.624330
13.793484,-4.582965,1.281991,-6.447666
13.827752,4.087347,3.107037,-9.386653
13.859240,9.928660,0.633888,-8.041213
13.892864,7.615479,-1.606866,-8.729721
13.926791,-0.463295,-0.357198,-16.608571
13.959342,-14.234486,-1.758155,-16.941527
13.994556,-23.154253,3.131129,1.594595
14.026283,-9.049956,9.408651,5.759757
14.061380,-4.063105,13.500936,5.829491
14.092760,-15.521715,2.808200,3.158065
14.125916,-12.081723,13.782265,0.208752
14.159213,-7.338939,10.813349,-10.025778
14.192478,-0.388473,7.161163,-12.293018
14.226200,9.608424,2.474645,-13.491509
14.259541,10.572424,-1.787784,-6.654323
14.293605,10.056605,-0.093676,-3.444481
14.326253,1.285283,4.570245,-5.699451
14.360506,-9.383511,2.160844,-17.353494
14.393201,-30.246581,4.907241,-8.243980
14.426269,-16.644336,6.491960,0.593035
14.460208,-5.993799,14.585997,4.971288
14.494497,-8.394221,6.831201,-1.873380
14.527912,-16.299708,7.859846,3.081298
14.559813,-11.513828,10.471265,-1.949399
14.593859,-6.850953,4.347427,-3.017251
14.627707,-0.392962,3.504787,-7.872865
14.660153,6.079095,8.152697,-7.960107
14.693423,12.003160,4.366880,-9.926565
14.727500,7.087090,-0.410171,-0.829620
14.759852,4.762985,-7.674738,-12.425901
14.794329,-17.423078,-4.361194,-12.245432
14.828492,-27.434490,5.330880,-1.008593
14.858403,-11.472077,8.718048,3.753644
14.893516,-5.079480,19.176444,4.425241
14.925917,-15.203574,9.523427,1.813972
14.959248,-12.205777,10.930968,-0.096071
14.994390,-5.088459,8.260291,-9.691775
15.026310,-0.982256,2.880327,-10.108980
15.060689,3.007374,-0.633439,-8.477572
15.092300,8.600728,0.635384,-6.737374
15.125946,12.495934,2.134507,-3.846422
15.159897,4.991789,-0.307965,-7.246011
15.192838,-7.056264,0.070033,-17.800777
15.227879,-31.531116,0.764526,-8.109600
15.259973,-16.519983,1.503313,0.827226
15.294674,-8.803943,16.803855,7.207104
15.326112,-12.956386,7.018703,2.546624
15.360341,-11.265271,6.741564,0.742828
15.395081,-9.764053,10.329254,-7.108639
15.426036,-6.454998,6.780771,-6.632924
15.460596,0.181816,4.473576,-9.320212
15.494532,13.557052,-0.220574,-9.952752
15.526187,13.195365,1.787036,-10.274634
15.560445,7.073472,1.568707,-1.472786
15.594520,-0.791761,-2.970562,-18.625459
15.626210,-19.478125,2.505173,-10.246352
15.659936,-29.281683,9.220699,-2.822116
15.694374,-5.740603,16.614557,2.998994
15.726504,-12.041618,9.419425,2.897387
15.760585,-14.672641,6.689788,2.876586
15.794474,-10.644402,11.238335,-3.294689
15.826133,-6.747251,9.468358,-8.839259
15.860571,-4.155285,0.371115,-7.054468
15.894390,7.541855,0.399247,-10.031764
15.925167,10.486828,1.264333,-8.864399
15.960782,11.216337,4.185214,-4.873871
15.994462,5.754669,-2.593312,-10.210438
16.025718,-6.917245,1.868591,-14.992876
16.059978,-28.086634,0.465539,-8.511541
16.093103,-14.315593,3.485484,4.350270
16.125858,-7.184508,17.764713,6.430906
16.159368,-10.736433,8.553890,1.431185
16.193221,-14.590187,12.638394,2.300910
16.226247,-10.917201,11.853068,-5.559834
16.259435,-6.081938,5.775170,-12.833828
16.294247,0.303027,1.331074,-9.771684
16.326242,9.637904,1.498973,-10.181257
16.360367,10.385819,-0.297490,-6.109323
16.394527,5.018576,4.588801,-1.942365
16.426239,1.209265,-2.272328,-17.044481
16.460290,-14.243016,4.277693,-12.767087
16.493514,-26.223430,7.419746,1.829086
16.526036,-8.576785,11.011776,3.441189
16.559937,-10.661162,6.339773,3.181409
16.592792,-13.166035,6.964083,1.957629
16.626253,-11.919959,15.479216,-0.826478
16.659539,-7.095171,12.093544,-4.828828
16.693532,-1.855124,2.859826,-7.927485
16.726124,6.549124,3.315489,-10.779380
16.759655,9.365254,1.615545,-9.143334
16.793133,8.994439,-0.672795,-2.052652
16.826143,6.788403,-3.912864,-13.023126
16.860288,-7.020349,0.910877,-16.320509
16.893141,-28.201261,7.535570,-2.717067
16.926169,-9.249281,4.114732,11.027189
16.959579,-2.744003,17.457945,2.316772
16.992736,-14.826922,8.843150,1.897921
17.025786,-16.011496,11.318095,2.367351
17.059592,-9.991211,12.670268,-6.593867
17.093004,-2.974453,5.786842,-10.102994
17.126188,-1.065308,-0.444440,-6.551368
17.160055,10.116761,-0.005088,-10.445078
17.192472,10.184699,0.286566,-6.929666
17.225865,5.488454,4.132689,-6.633373
17.259609,-4.311513,-0.230899,-19.997834
17.292861,-27.260755,-0.158622,-7.857452
17.325134,-20.614663,0.540361,3.089229
17.360596,-5.259501,9.525073,8.088052
17.393019,-7.354352,4.311962,2.234319
17.426241,-14.873312,17.423976,1.112895
17.460526,-14.592432,10.510023,0.773055
17.492932,-5.681194,8.063061,-9.468957
17.527732,-0.368122,3.371007,-9.241799
17.559862,8.299647,1.919470,-11.090039
17.593816,9.958738,-1.865748,-7.427528
17.626926,6.935202,-2.440676,-4.504402
17.659992,-0.841442,2.122386,-16.396078
17.693701,-24.942486,6.165888,-9.553804
17.726021,-21.268752,5.049851,0.927337
17.759685,-8.409934,8.872031,9.871496
17.793639,-10.794943,3.136815,0.392364
17.826334,-16.372285,10.724910,0.168947
17.861871,-12.994096,15.525456,-3.925583
17.892666,-3.891315,7.062848,-10.743017
17.926163,3.684808,3.191884,-12.628967
17.962152,7.521952,2.030206,-10.785066
17.993080,7.153082,-0.463893,-4.132240
18.027912,10.478598,3.311598,-5.286885
18.060241,0.726666,3.598614,-18.589694
18.094027,-28.280272,4.846935,-6.516202
18.126474,-22.992040,5.383405,3.160908
18.159846,-7.189146,7.363480,10.270295
18.192895,-6.114112,0.885886,-0.336098
18.225999,-13.006815,7.040102,-0.386079
18.259497,-16.116396,16.890199,3.075611
18.292818,-6.676470,8.723136,-7.366623
18.325989,-0.199025,4.616186,-10.712340
18.359092,5.378916,2.926567,-10.626744
18.392386,11.884942,-0.058810,-11.086447
18.425750,8.752616,0.096071,-8.784340
18.458877,2.393240,4.173542,-17.023531
18.492325,-20.468462,6.457692,-14.415404
18.525664,-28.436948,6.174717,4.363888
18.558993,-9.318715,5.674012,9.231773
18.592572,-5.168069,5.237353,3.111376
18.625798,-18.639226,1.241139,1.514087
18.659397,-16.740706,13.375386,2.014493
18.692774,-7.858499,10.795541,-7.471074
18.725244,-1.636495,0.946043,-7.147097
18.759187,6.463677,2.181345,-10.624500
18.792994,10.560303,1.431784,-7.375602
18.827259,7.751205,1.220937,-6.951513
18.860199,1.429539,2.773482,-12.148014
18.893130,-19.257700,5.825899,-8.955831
18.926795,-28.625798,4.712256,-1.837316
18.960212,-12.971649,7.485140,6.928169
18.994733,-8.568705,7.258281,2.103980
19.026736,-15.706224,6.306552,0.641370
19.061445,-12.366194,11.972184,-1.825494
19.092693,-8.113940,9.343406,-9.516394
19.126444,-1.889691,3.615374,-9.019878
19.161121,7.783977,1.647569,-9.320661
19.192771,11.843491,0.931078,-6.764759
19.226633,10.954163,1.835071,-7.971330
19.260856,1.262089,-0.236436,-10.120053
19.292798,-12.087259,5.156846,-17.624048
19.327046,-29.332262,4.636836,-4.807429
19.360720,-13.120394,8.098377,7.692396
19.391723,-5.532449,13.537748,3.991576
19.426312,-13.128176,2.396681,1.672709
19.459715,-14.783227,11.293404,1.319402
19.493104,-10.228544,14.046385,-5.070502
19.528728,-6.526228,8.391378,-9.559341
19.559799,5.442664,2.665440,-9.384857
19.592954,12.712917,-0.089337,-10.586191
19.626088,11.274848,1.150455,-8.821751
19.658874,4.849030,1.410235,-1.522318
19.692918,-8.536232,1.988455,-17.046876
19.726122,-27.468609,4.688762,-8.089548
19.758857,-21.304816,6.578454,-0.452820
19.792799,-4.707767,13.413545,6.428511
19.825513,-9.182540,3.042391,0.015413
19.858864,-12.436526,5.613406,-0.098465
19.892714,-10.161355,11.308667,-4.053678
19.925471,-4.707767,6.677667,-7.489330
19.960001,4.633095,3.367415,-10.085336
19.992155,11.570692,2.630723,-10.376242
20.025436,9.796824,-2.222946,-7.118964
20.059812,4.700135,5.855977,-9.537643
20.092124,-8.422504,2.353285,-18.351163
20.125992,-32.387672,11.380496,-1.670315
20.159303,-16.548864,5.257256,3.834301
20.191847,-4.243724,10.202058,9.917886
20.225549,-13.120394,0.181966,0.907285
20.259027,-17.428914,11.634440,-1.252811
20.292284,-10.016500,18.124604,-4.409828
20.326029,-0.220424,6.924129,-10.055557
20.359172,7.478107,-0.045342,-11.892724
20.392467,9.687585,1.298302,-9.364506
20.426056,5.726686,2.753281,-5.375923
20.459401,0.928983,7.832611,-7.567444
20.492165,-7.911623,5.192910,-18.226361
20.525692,-30.293269,4.911282,-6.213923
20.559058,-19.741945,2.867009,0.482449
20.592732,-6.155862,9.078389,2.051156
20.625717,-13.093608,1.147761,0.365129
20.659323,-12.871388,9.392639,0.184061
20.692499,-9.883617,15.899264,-4.794710
20.725786,-2.400572,7.189595,-7.418399
20.759256,3.757983,1.224379,-9.603635
20.792650,10.593972,4.248812,-8.837912
20.825750,8.661932,-0.080957,-6.574862
20.859221,1.966159,2.546624,-1.306383
20.892533,-3.477702,-1.252362,-15.888938
20.926089,-21.172681,2.110115,-7.452219
20.958360,-20.448260,4.487493,-1.392428
20.992355,-12.014084,17.286753,2.436486
21.026016,-10.289449,9.457434,4.865341
21.058840,-10.239169,4.742185,-0.997819
21.092258,-11.070585,12.533195,-4.435118
21.125676,-5.937084,13.150173,-11.280983
21.158740,1.903907,0.325174,-11.146604
21.192342,11.926393,-1.369682,-10.321024
21.225960,10.806166,-2.340715,-6.690686
21.258466,4.040509,2.705096,-3.425028
21.292259,-1.774915,0.470777,-19.142176
21.325773,-23.568016,7.623111,-10.291245
21.358346,-21.997064,2.711231,4.589250
21.392284,-3.385372,8.786735,8.598035
21.425958,-6.665995,6.345460,2.979391
21.458386,-13.035547,8.428489,1.025952
21.492482,-11.821494,13.787203,-0.558318
21.525907,-5.362605,8.582771,-7.385777
21.559967,1.376117,0.641968,-12.014383
21.592902,6.964532,3.185599,-11.920258
21.625821,9.379321,0.996323,-9.294772
21.659090,6.403970,2.924472,-2.377078
21.692581,0.909081,-2.835584,-18.592986
21.726418,-21.089031,2.696267,-6.875794
21.759097,-19.500870,3.760527,-1.150754
21.792799,-4.890780,13.072359,2.262152
21.825302,-9.598847,8.552693,3.435503
21.859002,-14.326516,7.259329,1.823250
21.892978,-12.086362,12.218646,-3.638269
21.925303,-6.909913,8.443903,-9.324701
21.958760,4.117875,3.360831,-11.778696
21.992168,13.296823,0.196182,-10.514063
22.025596,11.455766,-1.868891,-6.329747
22.058870,3.865876,5.450894,-2.891551
22.092398,-3.011115,-0.455663,-17.989776
22.126030,-19.391332,3.674931,-10.047177
22.158395,-21.951423,5.994996,-1.411133
22.192241,-4.251955,14.502796,7.976268
22.225688,-9.297017,6.154515,4.683675
22.258567,-23.038430,9.305247,5.003013
22.292169,-11.465942,17.128132,-2.818525
22.325989,-0.997071,9.930755,-15.062460
22.358427,3.435054,0.820043,-12.964766
22.392447,7.493670,1.892684,-10.824423
22.425684,10.255031,3.249347,-9.434988
22.458568,9.654813,4.380348,-12.417521
22.492138,-2.005664,5.219546,-22.222127
22.525692,-31.581096,9.257661,-4.377505
22.558843,-15.121120,2.974602,5.700199
22.592393,-5.298707,11.220827,8.446297
22.625006,-12.288230,1.891188,1.538329
22.658794,-16.108016,11.116675,4.241330
22.692066,-8.335262,13.732135,-1.510346
22.725867,-6.541791,8.296055,-7.360787
22.759045,0.185108,2.574008,-8.688569
22.792572,12.293467,5.019174,-10.843128
22.826054,13.062333,2.332934,-8.980073
22.858790,9.056391,3.539205,-2.466565
22.892213,2.940783,-3.223159,-20.701456
22.925691,-22.368328,4.212299,-7.929580
22.958458,-22.193695,0.924793,-2.982234
22.992896,-6.843621,11.829275,7.516565
23.025538,-10.362026,8.343043,4.062507
23.058874,-16.479430,5.788488,-0.961456
23.092924,-12.331177,14.038454,-3.264461
23.125477,-6.732436,9.977294,-6.823269
23.159063,6.573216,1.132647,-9.888256
23.192825,13.447663,3.618965,-10.831456
23.225466,9.765399,0.871072,-6.425518
23.259076,3.945486,4.336204,-0.528988
23.292525,1.190709,-3.613877,-12.409590
23.325010,-14.695835,3.386869,-14.450122
23.359367,-29.393017,2.281157,-1.277352
23.392166,-10.417992,7.875259,2.679058
23.425526,-2.864615,11.465792,5.778163
23.459570,-9.936142,6.255973,1.495083
23.492027,-13.739617,11.696691,-0.443242
23.525577,-9.314974,11.077319,-4.732159
23.559036,-4.163067,0.521955,-7.150987
23.592310,2.664842,2.581790,-11.230554
23.625913,8.596538,3.636623,-9.402216
23.658561,10.760675,-3.259972,-8.003503
23.692193,5.616549,0.741780,-6.758025
23.725969,-3.941895,-0.423938,-18.272601
23.760655,-27.011150,2.863567,-10.840135
23.792333,-19.527058,7.193336,-1.485954
23.825870,-7.033667,13.161845,4.757299
23.859670,-8.905701,3.482042,1.564367
23.892314,-12.442512,11.729164,0.120163
23.926222,-10.276430,12.837120,-3.395398
23.958894,-8.643077,4.649706,-8.983515
23.992452,-0.216384,2.760314,-12.830686
24.026151,11.366130,3.850612,-11.218432
24.058891,10.449567,-0.378297,-5.571955
24.092222,9.522080,0.761832,-2.759416
24.125895,-0.776348,-0.708559,-19.283439
24.158353,-24.504182,4.679934,-9.397427
24.192299,-26.376964,1.980973,1.198341
24.226205,-0.248258,15.183222,1.594895
24.258497,-7.060902,7.224013,-3.038051
24.292381,-17.274034,1.842404,3.135169
24.325770,-11.550191,14.754046,-4.088245
24.358852,-6.107228,6.750842,-8.676148
24.392812,-2.082880,3.624801,-10.428018
24.425597,6.966777,3.776838,-9.193913
24.459194,11.440652,2.312881,-8.250115
24.493135,9.263198,2.071358,0.960109
24.525390,3.296933,-3.731646,-15.229462
24.559007,-11.986550,3.186647,-10.083241
24.592390,-29.724476,8.819057,-4.944353
24.625399,-12.447300,14.867176,3.092671
24.658968,-3.899695,17.146837,7.451321
24.692918,-12.935585,3.965538,0.378148
24.725397,-14.231942,6.213624,-1.016375
24.759010,-8.405145,12.922117,-6.863074
24.792948,-5.720551,6.427015,-8.984263
24.824999,2.103232,3.235879,-8.719844
24.858839,7.987492,2.392940,-11.099616
24.892689,13.268391,3.650240,-9.993904
24.925394,7.977316,3.164499,-11.827629
24.958988,-5.291824,2.977895,-15.995035
24.993595,-30.483765,5.888450,-5.859868
25.025394,-16.615006,8.588308,3.004681
25.058828,-7.328913,12.698700,6.165738
25.092589,-6.364015,3.410662,2.450852
25.125471,-22.323884,12.004507,4.093932
25.158950,-11.137476,17.335836,-1.179186
25.192743,-6.738871,8.405444,-7.378744
25.225396,13.986827,4.378852,-16.098289
25.258706,15.037919,2.860575,-10.954911
25.292638,9.615158,0.357946,-3.502992
25.325450,9.542282,7.731452,-3.019495
25.359120,3.124395,-2.758219,-12.523918
25.392659,-13.535953,2.151866,-15.470387
25.425437,-32.841988,5.557140,6.518147
25.458940,-9.430499,7.696286,3.597117
25.492569,-3.803774,16.247333,2.264098
25.525024,-18.162763,5.029799,0.388772
25.558849,-15.282585,12.653059,-0.742678
25.592757,-10.543094,9.496042,-6.724056
25.625444,-1.414425,5.818118,-12.030545
25.659165,4.163665,4.530141,-7.579266
25.692654,13.431203,2.488562,-6.842573
25.725452,9.789791,3.250843,-0.804032
25.759105,7.439948,-3.506583,-12.432935
25.792754,-8.685127,2.323356,-13.696071
25.825448,-23.411040,10.298877,-3.767261
25.858902,-7.184208,9.366152,1.558980
25.892648,-12.123623,10.618514,2.087070
25.925012,-18.036165,7.174631,0.075719
25.958856,-12.023661,12.229719,-2.010303
25.992769,-5.975841,14.392808,-5.006305
26.025451,0.173885,4.155435,-10.062441
26.059176,7.937660,0.226559,-8.751568
26.092264,12.774121,0.491876,-7.234039
26.125398,11.982060,0.455064,-3.334194
26.158907,2.934498,-2.504125,-9.908308
26.192746,-11.694297,0.692248,-15.667467
26.225425,-29.064701,7.487534,-7.422141
26.258817,-13.309992,6.001580,3.176172
26.292605,-9.146925,15.040014,5.215356
26.325452,-12.462265,4.961262,-1.867694
26.359081,-14.518508,11.878507,-1.765338
26.393000,-12.533195,13.398581,-7.851915
26.425447,3.805420,4.504702,-11.065348
26.459164,19.570604,1.511394,-12.596794
26.492687,12.663983,-0.611890,-7.245263
26.525446,6.439735,1.367138,-1.389435
26.558940,6.822970,0.508487,-4.744280
26.592077,-3.066184,1.100923,-17.465427
26.625345,-31.069617,3.118409,-4.476718
26.658716,-18.924595,3.173777,1.916178
26.692162,-4.666765,12.383852,5.396574
26.725351,-8.435822,5.464960,-2.757920
26.758772,-18.303577,12.788636,0.401791
26.792194,-12.575993,12.074240,-2.839774
26.825365,-2.651673,5.258004,-10.551025
26.858873,3.948030,1.726281,-10.808411
26.892174,11.935821,0.567446,-10.623751
26.925390,10.106585,-2.564132,-5.309032
26.958493,5.096988,2.222946,-12.219993
26.992257,-8.589954,3.838342,-16.139441
27.025423,-24.208787,6.648038,-3.237376
27.058364,-11.006837,9.661098,-0.360640
27.092333,-11.719437,11.063402,8.742740
27.125450,-14.175078,0.601415,0.430972
27.159785,-13.674073,11.498863,-0.775001
27.192181,-10.236475,16.281003,-6.036148
27.225837,6.333488,3.651587,-13.274826
27.259449,16.206630,0.072128,-11.610198
27.292059,10.473659,0.605755,-6.930264
27.325439,7.597073,2.782760,-7.348516
27.359671,-0.065394,10.178863,-16.201692
27.392169,-17.853601,6.984136,-11.425838
27.425478,-26.622378,3.917952,-1.741096
27.459615,-9.313927,6.212427,9.110113
27.492058,-9.285494,0.842939,3.576317
27.525443,-10.564642,3.949377,-0.360939
27.559434,-17.897446,13.148228,-2.911603
27.592121,-8.162574,13.914400,-5.710973
27.625446,9.438579,1.244880,-10.113170
27.659473,18.010726,1.605070,-12.017077
27.692543,7.033069,2.671276,-5.878424
27.725582,2.858031,4.014322,-2.974453
27.759298,-1.348582,1.475629,-21.260671
27.793569,-26.087255,8.773716,-4.088694
27.825451,-15.745431,11.038262,0.676087
27.859320,-8.411879,12.455381,4.201375
27.892269,-15.834319,-3.146243,-3.282568
27.925445,-16.737264,9.180295,-1.976334
27.959107,-9.193015,11.676789,-5.661891
27.992264,3.140706,6.497197,-11.228758
28.025430,10.943688,0.725918,-7.844283
28.059316,12.259798,1.059622,-9.078089
28.092140,5.130359,2.915194,-6.066824
28.125444,1.830283,3.800632,-12.609364
28.159328,-12.328633,9.528215,-13.501385
28.193278,-27.163188,7.468979,-1.958377
28.225395,-10.426971,5.920025,4.610649
28.259050,-13.591470,6.257619,0.599470
28.292212,-15.293060,2.484372,-2.179550
28.325561,-10.548780,5.705137,-4.035272
28.359411,-8.227220,9.207082,-7.731452
28.392126,2.950061,8.749174,-9.433192
28.425573,12.333272,2.595108,-10.282266
28.459334,13.852298,0.109090,-6.868761
28.491801,6.674075,-1.222134,-1.431484
28.525607,-1.109602,3.002137,-13.995357
28.559318,-18.680378,5.874084,-7.911922
28.592029,-19.596043,11.979367,-2.579395
28.625578,-12.113746,15.249664,2.706442
28.659446,-14.825875,6.325108,-0.324426
28.692114,-16.328889,3.166594,-4.053528
28.725585,-11.129694,14.945290,-6.016993
28.759517,-0.380542,10.808560,-12.148613
28.792335,7.210994,1.630510,-10.605495
28.825577,12.820659,0.893368,-7.182113
28.859585,9.144082,0.985848,-6.803367
28.892114,4.144661,5.411239,-6.008613
28.925574,-2.973405,4.473277,-22.188607
28.962947,-28.552772,8.661932,-2.903223
28.991703,-18.014916,5.914787,8.525458
29.025444,-3.835947,13.090765,4.682029
29.060040,-11.833465,1.651460,2.715421
29.091955,-14.216978,8.378060,0.113130
29.125067,-12.583176,12.528706,-5.112102
29.159172,-2.531809,12.772026,-11.014020
29.192166,16.299110,-0.001796,-14.831412
29.225447,15.234101,-1.297704,-10.612079
29.258809,8.465601,2.260357,-7.410917
29.291718,3.081896,8.406641,-11.679333
29.325397,-9.745647,7.381587,-15.995784
29.359892,-31.331043,12.659793,1.704134
29.392272,-6.937896,8.056926,7.614581
29.425563,-10.749900,9.986721,2.029158
29.459987,-18.571288,-1.079375,-2.944524
29.492117,-14.412411,14.620116,-2.278613
29.525580,-1.242934,9.254219,-10.868268
29.560002,1.423703,3.896852,-15.060814
29.592172,7.001345,2.209478,-8.109600
29.625569,9.409997,-1.299200,-7.807172
29.659934,7.629845,1.045106,-0.432468
29.692115,1.405895,3.418443,-18.933574
29.725581,-15.888041,10.914807,-9.003268
29.759781,-26.114041,12.173005,-2.092158
29.792178,-8.086256,9.689830,-0.566548
29.825437,-10.757383,6.344861,7.125249
29.859917,-15.166013,0.362884,-0.760785
29.892100,-12.688824,9.543479,-3.188293
29.925574,-9.026911,11.378700,-7.714393
29.959666,0.348369,9.743701,-9.872993
29.992177,17.687497,0.007033,-12.763197
30.025577,13.479837,-0.492774,-8.892532
30.059701,5.723543,0.903394,-6.846464
30.092114,-1.396019,7.487684,-14.552777
30.125579,-14.744619,7.969534,-12.319356
30.159770,-29.390473,10.100300,0.006884
30.192094,-5.324595,7.790412,5.382208
30.225449,-12.395673,2.156654,-1.420560
30.259546,-16.382012,0.435012,-3.682863
30.291981,-13.767600,11.031229,-5.911794
30.325441,-5.676107,10.159409,-8.817262
30.359473,4.644468,3.411261,-12.406448
30.391687,15.481161,1.339304,-9.871347
30.425394,9.874040,1.260891,-5.626874
30.459126,5.613406,4.777501,-0.947838
30.492065,-3.169737,6.672878,-20.619900
30.525448,-24.028018,12.637646,-2.902475
30.559333,-22.576781,6.875345,1.917525
30.592111,-5.095043,16.871943,3.067381
30.625483,-17.280917,2.403864,-0.043995
30.659337,-15.039266,-1.079674,-3.124545
30.692116,-11.938065,11.886738,-6.638311
30.725768,-0.283424,9.186730,-11.557673
30.759797,12.661140,2.394886,-12.338809
30.792181,13.266745,2.471952,-9.170569
30.825852,8.510344,3.927978,-7.159816
30.859831,2.322309,8.982318,-4.950338
30.892109,-10.211485,9.047712,-10.869465
30.925597,-21.395500,14.230595,1.938774
30.959906,-16.384556,13.456792,7.896359
30.992398,-18.311658,8.392575,3.564944
31.025568,-19.664580,0.885138,-3.213283
31.059661,-14.766167,12.885904,-3.762622
31.092113,-4.047991,8.967952,-10.712639
31.125770,-0.557121,4.257342,-10.561500
31.159780,6.677368,5.912842,-10.591129
31.192186,9.666336,2.737718,-5.866752
31.225643,8.069346,3.259074,-0.625358
31.258894,7.361685,1.967954,-14.990931
31.292110,-12.401809,9.865361,-3.108832
31.326044,-23.506962,8.876071,-3.229145
31.359567,-15.484753,7.754946,5.971651
31.392351,-6.676320,9.155006,4.851424
31.425986,-10.490569,3.806318,-4.018661
31.459522,-14.933618,9.775874,-0.594232
31.492065,-11.599573,10.533517,-5.217750
31.525921,-7.039204,5.820662,-8.294260
31.559680,14.373804,2.197806,-10.496405
31.592112,21.381134,2.101436,-14.458801
31.626000,10.441337,3.052417,-5.811533
31.658853,3.748855,10.041640,-10.070821
31.692111,-10.350054,6.074157,-12.211762
31.725790,-31.072011,13.235470,-1.109752
31.759557,-12.402407,9.822413,5.620439
31.792506,-13.064727,5.841761,3.149834
31.825655,-15.810226,0.290008,-1.478772
31.859714,-16.119089,9.472698,-4.079117
31.892065,-7.190793,13.630078,-8.683631
31.925549,1.695155,4.160822,-9.934795
31.959095,20.102585,-2.685043,-9.623388
31.992100,12.643482,0.171790,-4.999870
32.025582,3.949526,2.780366,1.612103
32.058813,-0.533477,2.236264,-7.052223
32.092113,-12.759156,14.012865,-10.764266
32.125650,-29.144760,12.222836,-5.377120
32.158444,-13.660456,13.845863,-0.044145
32.192175,-13.279914,9.034693,0.623861
32.225985,-14.948881,-2.009705,-3.591431
32.258577,-13.582043,12.252016,-4.694599
32.292130,-4.507246,8.745433,-10.948626
32.325972,0.565052,2.380670,-10.472762
32.358510,11.648806,3.417396,-7.393708
32.392175,12.463911,2.719012,-8.082964
32.426085,8.528900,5.026507,-0.137821
32.458486,1.619286,0.264718,-16.568766
32.492146,-14.991679,3.782076,-3.720423
32.525639,-23.125971,7.539461,-1.771473
32.558636,-6.129076,18.183563,-2.877335
32.592093,-11.708363,11.285323,0.315298
32.625544,-17.754238,2.603638,1.070097
32.658831,-11.512930,10.608637,-6.757576
32.692231,-9.891548,7.204111,-10.517954
32.725663,-3.553272,6.720614,-12.286883
32.758775,14.185253,1.336611,-9.653466
32.792342,12.553696,-0.659925,-6.848260
32.825744,7.576422,5.285239,-1.882209
32.858928,-4.724228,6.732137,-16.561883
32.892371,-24.722062,9.880924,-3.139060
32.925661,-23.524021,12.254411,1.113493
32.959048,-4.283679,15.505703,4.520863
32.992092,-12.674758,-0.679379,-0.099812
33.025568,-16.055940,-0.964299,-7.150090
33.058858,-18.848277,8.835668,-5.430393
33.092069,-3.293791,12.329382,-7.879150
33.125643,15.191153,2.103830,-11.567998
33.158778,17.149680,1.475629,-8.447793
33.192173,6.428661,2.516396,-5.229722
33.225931,-0.270854,8.658640,-4.521312
33.258601,-11.787375,9.923722,-12.253064
33.292146,-23.596149,11.509488,0.509235
33.325566,-13.860079,10.241563,-0.218778
33.358781,-15.290217,7.475862,1.334217
33.392189,-15.671208,-4.743532,-5.131107
33.425970,-11.838104,5.279254,-5.031146
33.458475,-8.468145,10.711891,-7.442193
33.492108,0.203814,9.425411,-10.393301
33.525945,9.203640,2.048911,-10.846570
33.558457,9.755074,-1.481465,-5.503419
33.591818,5.149363,-1.642780,-2.243148
33.626346,2.942130,5.138290,-9.407753
33.659985,-12.492193,10.817689,-14.828868
33.692073,-28.996763,10.528429,-3.602804
33.725534,-16.959933,7.787120,4.640877
33.758757,-8.302041,10.180509,0.748813
33.792228,-13.627834,-4.068941,-0.965646
33.825559,-10.182155,4.288468,-4.154537
33.858402,-11.222174,11.011626,-7.596026
33.892239,-1.566911,10.217471,-11.003994
33.925658,12.168216,-1.961819,-14.108636
33.958407,14.049378,-0.748813,-9.162937
33.991826,7.749260,2.577001,-6.811148
34.025651,3.430714,7.804329,-2.238658
34.058965,-6.400528,11.012374,-16.824207
34.092113,-27.768344,15.029389,1.623776
34.125682,-17.073961,10.095362,-1.237547
34.158833,-11.183566,9.921776,1.757556
34.192392,-20.549867,-2.571614,-0.825879
34.225665,-13.200004,8.160928,-2.571764
34.258782,-5.800759,11.258537,-8.424449
34.292239,2.350142,7.492922,-12.831284
34.325655,8.032534,4.504253,-11.950935
34.358796,9.213217,0.099213,-9.043522
34.392642,4.461305,-4.103659,-0.920603
34.425650,6.428212,2.895142,-9.965322
34.458981,-9.286692,14.255436,-15.814117
34.492319,-30.160686,16.033942,-0.322181
34.525657,-14.394155,9.529263,6.889112
34.558944,-10.438493,6.152570,4.320940
34.592698,-17.721316,-5.294816,-0.832763
34.625062,-12.699748,5.081126,-1.561225
34.658899,-6.914851,8.545809,-8.233654
34.692246,-1.656996,10.211036,-9.205585
34.726566,9.864463,1.361452,-7.878402
34.759183,15.741091,-2.266642,-7.722923
34.792228,9.118343,0.395955,-5.320854
34.825636,2.617854,7.321132,-4.291909
34.858995,-8.099424,11.834064,-13.105729
34.892675,-30.306288,13.762961,-3.088481
34.925074,-17.840582,13.079691,-0.207854
34.958899,-19.354370,8.369380,0.353756
34.992435,-16.210072,-1.369532,-4.095877
35.025585,-12.571504,5.303496,-8.379855
35.058847,-8.671210,4.424044,-8.361749
35.092335,4.528644,9.868653,-9.052051
35.125467,17.670887,4.896018,-8.570500
35.158911,15.719692,-1.051242,-5.394628
35.192728,5.592755,-0.948587,1.262538
35.225448,-2.378425,2.401620,-7.431718
35.258918,-20.906466,7.576422,-2.946769
35.292653,-20.904371,13.890307,-6.225895
35.325059,-9.982382,15.333763,1.479071
35.358783,-18.230102,7.396701,4.831223
35.392699,-15.437466,-2.651823,-3.621210
35.424997,-15.286027,10.561650,-5.535442
35.458782,-8.582771,9.883318,-9.138246
35.492300,6.415792,4.581917,-12.307833
35.525642,16.747290,-0.429026,-10.673882
35.559504,9.621144,0.787122,-6.128777
35.592190,5.415279,6.669287,-0.752854
35.625659,-5.776966,8.348580,-16.623985
35.658994,-23.386499,11.350866,-4.286373
35.691678,-23.002814,10.165994,-1.800654
35.725469,-6.054105,13.577404,2.340865
35.758893,-14.750605,0.426782,1.739150
35.792243,-13.855740,-0.168947,0.080508
35.825546,-9.608125,8.829981,-4.333809
35.859107,-5.253365,6.417737,-7.329811
35.891712,0.108940,7.581361,-10.301121
35.925409,13.187883,2.584783,-10.534265
35.958928,10.746010,-2.845161,-7.702871
35.992243,5.715014,-0.563256,-0.238232
36.025447,-1.845397,6.176812,-15.874273
36.058999,-20.573062,10.809608,-0.322032
36.092180,-21.695983,10.542795,-4.764781
36.125444,-12.403455,12.034286,5.820362
36.158990,-13.733930,4.398006,1.639937
36.192007,-11.980564,6.531017,-4.437811
36.225187,-13.143739,12.039074,-5.497283
36.258997,-11.232948,1.555090,-7.464639
36.292316,5.314869,3.880541,-15.097477
36.325665,17.041937,4.930735,-12.044162
36.358585,13.052905,0.458057,-6.070266
36.392413,8.021012,2.710183,1.697699
36.425616,-0.387276,7.663215,-15.044354
36.459015,-19.455528,6.375538,-7.085294
36.492307,-26.912685,11.830322,-3.845973
36.525441,-11.685019,13.672427,-0.898905
36.558820,-10.955360,7.554275,1.596541
36.592367,-13.617508,-4.087048,-1.347984
36.625398,-13.150323,7.862540,-6.495102
36.658899,-10.130229,10.326710,-7.406129
36.692589,-4.156931,6.036896,-6.431355
36.725444,12.588264,0.819445,-10.129930
36.759004,12.070200,1.587263,-8.637690
36.792898,4.938367,-1.556885,-0.404635
36.825449,-0.075420,3.658920,-17.309050
36.859043,-17.721017,11.312558,-12.282843
36.892302,-25.092129,12.796717,0.665612
36.925047,-4.082709,11.609898,8.375815
36.958838,-16.373033,-0.081406,0.048933
36.992699,-17.294086,1.088802,-2.837679
37.025245,-10.914657,10.690642,-9.405358
37.058844,-0.270405,8.104812,-10.930370
37.092595,9.998094,3.512719,-11.557374
37.125141,14.195579,1.549553,-9.044270
37.159047,6.887616,2.340565,-4.138825
37.192700,2.110265,9.232820,-0.373658
37.225449,-7.842488,14.382932,-15.343789
37.260731,-26.173749,10.586490,-1.650412
37.292068,-22.235445,14.023938,2.375133
37.325445,-11.533580,14.053418,1.521270
37.359505,-18.471177,-2.520735,0.157125
37.392116,-16.384706,1.598785,-4.795907
37.425127,-10.483686,11.367028,-7.627151
37.459176,-2.668134,8.702934,-8.770573
37.492058,2.411047,0.624011,-7.267110
37.525649,16.792782,2.721706,-7.864036
37.559255,10.398539,3.090426,-7.953822
37.592177,1.851682,4.292358,-1.769229
37.625955,-4.486146,9.325599,-17.759775
37.658548,-20.108570,9.600643,-4.066397
37.691966,-21.985093,19.309776,1.914233
37.725968,-9.916389,18.438555,3.554319
37.758552,-21.297932,-1.790927,-3.428170
37.792183,-20.400673,2.204690,-0.003891
37.825946,-9.654514,6.194170,-7.013615
37.858462,-3.133972,6.763113,-9.183288
37.892107,0.915516,9.885563,-10.805268
37.925703,15.279143,8.960620,-7.266661
37.958911,12.298106,1.950895,-8.994140
37.992353,6.538649,4.597331,1.920518
38.025944,0.942900,10.892211,-19.177791
38.059840,-15.097327,6.576359,-6.825215
38.092064,-28.419291,10.443881,8.061565
38.125677,-8.793768,14.814502,-0.737440
38.158831,-13.078794,1.823100,4.083457
38.192162,-23.923717,3.366368,-0.307217
38.225942,-12.274014,7.659474,-2.412095
38.258890,-5.906108,7.492473,-8.200433
38.292250,0.629997,6.699365,-6.929815
38.325985,19.303491,3.705309,-7.408373
38.358960,20.598202,1.836568,-9.970710
38.392355,7.269954,1.525759,-0.336248
38.425204,-8.403649,4.045747,-16.417328
38.459011,-26.480217,6.903478,-0.967142
38.492112,-22.226018,16.961729,-7.299733
38.525763,-14.690598,15.987404,3.804672
38.559242,-18.765375,-4.605860,-1.441511
38.592055,-12.967908,3.919897,-3.642459
38.625657,-10.115714,5.185577,-6.192524
38.659153,-2.422420,7.075418,-7.029178
38.692064,4.850526,8.833872,-8.093289
38.725664,19.241240,3.146243,-9.308839
38.759116,12.228373,-1.128308,-5.922269
38.792112,3.801080,0.733101,-0.683868
38.825661,-7.405530,8.260291,-12.976438
38.859393,-29.122912,13.191175,-4.779296
38.892068,-18.209003,13.149275,-3.796442
38.925828,-11.702078,11.375109,4.811769
38.959126,-15.722236,-4.087647,0.304972
38.992079,-15.329423,4.474773,-3.025331
39.025194,-12.156694,11.273501,-6.859633
39.059039,0.153234,5.796569,-10.169435
39.091819,11.143910,-1.409936,-10.289150
39.125668,13.894048,1.427294,-8.067251
39.158880,10.086982,4.398754,-6.145088
39.191709,4.759544,4.947944,-6.441530
39.225575,-12.048203,10.134120,-13.395288
39.258734,-27.247586,8.580078,-4.943155
39.292225,-11.534778,14.251096,0.725319
39.325994,-11.977571,8.704132,0.558916
39.358422,-19.621782,-8.675251,-3.316237
39.392699,-13.062782,9.605281,-3.582901
39.425217,-7.678629,9.509510,-8.016522
39.458826,0.562957,5.823954,-8.525608
39.492540,10.817988,2.719611,-7.980758
39.525670,13.953008,2.609025,-8.316706
39.558996,6.468616,0.220125,-4.815360
39.592407,2.399674,0.172987,-11.585207
39.625658,-8.185619,13.067570,-14.882440
39.659336,-23.499928,9.408052,0.443841
39.692209,-14.117914,21.048478,8.036574
39.725459,-12.719202,13.112014,1.063662
39.759472,-21.522546,-1.857069,-6.236220
39.792228,-17.308751,11.168751,-6.559150
39.825444,-3.123946,7.768115,-11.667960
39.858857,4.591644,3.293791,-12.559084
39.892170,10.257874,6.658812,-8.450337
39.925447,9.697611,6.208087,-5.860317
39.959059,5.949355,2.820470,4.211850
39.992277,5.879172,1.629911,-15.409333
40.025000,-7.313649,14.307512,-11.770016
40.058786,-31.057496,10.288252,0.505494
40.092272,-11.959913,16.205733,-2.319765
40.125558,-13.105879,10.160008,4.711658
40.158795,-21.360483,-3.953716,-2.705096
40.192380,-15.962413,9.145578,-3.972422
40.225022,-11.965151,9.328592,-7.443390
40.258785,-2.307195,7.598121,-8.745882
40.292234,14.736388,5.366645,-7.017057
40.325563,17.187091,1.760250,-7.801635
40.358894,8.330024,0.086194,-1.721941
40.392750,0.188101,4.633544,-17.356786
40.425654,-17.803919,11.391719,-8.936377
40.458898,-26.552495,11.541063,1.385993
40.492330,-10.439391,19.910293,4.891678
40.525595,-17.280767,-0.006584,2.300910
40.559020,-17.321770,-6.770296,-3.337337
40.592244,-13.839279,8.162873,-9.104127
40.625502,-7.499207,10.998158,-8.974985
40.658904,7.430371,6.802170,-10.293040
40.692033,23.574750,0.993629,-8.133693
40.725053,13.388704,1.226174,-3.669993
40.758986,2.215314,5.062720,2.438881
40.792242,-9.861620,11.815657,-14.297935
40.825613,-24.123790,12.266532,-4.769270
40.859022,-18.004291,10.416197,-3.816793
40.892208,-13.722408,10.207145,1.470990
40.925520,-16.866107,-1.169160,-2.087519
40.959029,-16.404907,2.484821,-1.584270
40.992184,-10.764715,7.207104,-6.783614
41.025435,-1.489845,8.914979,-8.563916
41.058602,11.783933,1.481764,-8.268820
41.092201,18.532231,-0.401193,-9.745347
41.125438,7.688954,1.157488,-5.054789
41.158493,-1.122771,9.239105,-6.735579
41.192380,-16.332181,12.718304,-10.576464
41.225032,-23.317214,14.890670,-5.057183
41.258826,-13.242204,14.647201,0.989888
41.292599,-19.871835,-1.748279,1.174547
41.325099,-12.347189,-4.910683,-6.521739
41.358832,-11.753705,10.570628,-4.429731
41.392710,-1.999679,8.708322,-7.841739
41.425514,4.919213,4.901555,-10.155219
41.459058,13.288593,-0.852217,-10.047027
41.492595,9.881373,1.904057,-6.421777
41.525433,3.749753,0.187503,-2.828252
41.558832,-0.375454,5.452989,-11.518467
41.592388,-20.617057,12.915234,-7.603807
41.625398,-24.750943,11.607953,-5.903564
41.658996,-12.132152,13.053354,3.934412
41.692591,-16.420321,2.545875,1.633502
41.725065,-11.660627,-6.340072,-2.297319
41.758991,-9.836779,9.901275,-4.907241
41.792780,-6.644296,5.723094,-8.253407
41.825517,-1.165120,6.152869,-11.803387
41.858868,11.392617,4.382294,-9.926864
41.892594,12.315465,-0.718885,-7.749410
41.925533,5.772028,1.793321,0.902497
41.958991,4.820299,4.316750,-15.325682
41.992182,-23.571757,12.778161,-8.375516
42.025289,-29.920060,15.963610,-2.260357
42.058870,-7.120460,16.251523,4.975478
42.092176,-13.655069,-0.303775,2.495146
42.125768,-15.342293,-3.823976,-1.261939
42.158830,-18.203466,7.981057,-4.631000
42.192376,-4.279339,9.266639,-10.117210
42.225990,2.558745,3.067680,-14.659322
42.258827,11.525350,4.460557,-12.055834
42.292772,7.670847,1.459617,-8.455874
42.325731,4.334558,6.009661,0.458207
42.358882,6.182049,5.865555,-18.595979
42.392707,-10.745561,10.798085,-11.405935
42.425087,-26.135141,9.098291,4.596882
42.458790,-17.804069,3.505536,8.713260
42.492868,-3.098357,11.349969,0.884539
42.525593,-10.557759,2.869852,-5.021868
42.558991,-17.682110,8.148358,1.562123
42.592716,-13.551067,7.107591,-5.422611
42.625461,-6.448863,3.908075,-8.218540
42.659397,-3.486381,2.770938,-7.309160
42.692199,6.094059,3.725062,-9.692523
42.725436,10.876648,4.586556,-9.089762
42.759143,6.332890,2.533006,-5.325942
42.792244,5.507908,6.190878,-16.015686
42.825443,-7.554425,8.718048,-12.815272
42.859066,-32.264067,10.635124,-0.662918
42.892373,-14.116567,7.823782,1.096135
42.925560,-11.973980,10.017249,0.276690
42.959412,-14.252443,-1.041964,-5.641389
42.992473,-17.841629,3.971823,-0.612189
43.025441,-8.472335,5.598292,-3.761425
43.059313,-3.557911,4.710760,-6.391550
43.092208,-0.036962,4.609751,-8.093139
43.125442,6.284106,4.916369,-7.824680
43.159346,12.574497,4.767924,-7.630144
43.192245,4.502457,3.194578,-1.400658
43.225449,3.635276,3.854353,-9.195110
43.259212,-11.404738,13.956898,-8.122021
43.292180,-24.619557,10.056305,1.578733
43.325442,-19.995141,8.985311,6.847811
43.359270,-12.753320,13.015495,-3.856897
43.392222,-15.124413,4.127751,-7.820191
43.425443,-16.615754,12.757809,-5.397920
43.458654,-12.415127,5.760505,-8.121871
43.492108,-4.090789,3.520350,-9.858627
43.525440,-1.045406,2.559044,-8.298899
43.558431,4.098571,2.664692,-5.159240
43.592254,6.902879,1.903458,-3.394501
43.625453,6.087625,5.672964,-3.774743
43.659458,2.928512,1.153897,-8.304286
43.692115,-3.030419,3.218969,-14.001043
43.725769,-15.732861,2.361665,-12.104019
43.759328,-21.045485,-1.262986,1.012783
43.792107,-7.194683,11.635188,-1.883107
43.825442,-10.111673,13.745154,2.002223
43.859277,-17.564341,6.774486,0.067190
43.891734,-14.047133,7.827823,-1.514686
43.925764,-10.217321,9.119092,-3.743468
43.958679,-7.895760,3.196822,-5.312025
43.992101,-2.734575,4.128050,-7.591387
44.025731,3.252639,2.628329,-10.477550
44.058917,8.023855,5.506412,-11.173390
44.092246,8.952689,7.359141,-5.356769
44.126167,9.197804,2.890204,-9.029755
44.158837,-6.715227,8.213153,-12.323097
44.192783,-31.490862,16.448603,-0.126299
44.225663,-24.189333,11.738442,5.102974
44.258821,-9.839323,21.613978,-3.965688
44.292108,-18.692649,-0.212194,2.379173
44.325636,-20.503179,11.337848,0.120313
44.358775,-14.639420,6.026271,-1.272713
44.392355,-3.321924,7.899950,-5.521825
44.425643,-0.577472,11.676489,-12.946659
44.458879,15.924404,6.892704,-9.904567
44.492243,13.820125,0.306020,-7.002841
44.525646,10.722067,2.732630,0.262474
44.558996,11.499911,4.566355,-2.430650
44.591936,2.478686,3.154623,-6.356982
44.625537,-9.188676,6.441979,-11.995828
44.658834,-34.926813,1.398862,1.017871
44.692055,-15.435969,3.330902,-0.282526
44.725555,-3.486381,18.136127,2.192269
44.758884,-20.854241,9.279808,2.328295
44.792244,-17.411705,12.422310,-2.623241
44.825651,-14.307212,13.084779,-4.559621
44.858773,-4.897664,6.033005,-12.936333
44.892257,3.652784,5.448500,-14.207101
44.925645,11.938065,5.082323,-11.698188
44.958778,11.281731,-0.738189,-5.972250
44.992362,13.790645,6.695325,-6.081489
45.025646,3.050621,0.447881,-16.373782
45.059010,-21.966238,1.444653,-1.198939
45.092244,-23.356570,16.171764,-2.654217
45.125642,-6.173669,13.997452,2.006862
45.158988,-11.109193,11.037065,9.912349
45.192172,-15.589204,7.860445,-3.236927
45.225932,-16.624434,7.896658,2.398776
45.258774,-13.971114,9.249879,-8.636493
45.292237,-3.291546,10.414850,-11.990590
45.325925,12.482915,5.514043,-12.652162
45.358782,16.863862,-1.084163,-8.126809
45.392360,13.062034,-0.048784,-4.829427
45.425920,9.320212,6.512162,-14.751502
45.458793,-18.264670,19.380108,-9.673968
45.492112,-31.154315,13.081188,7.155776
45.525927,-10.892061,11.143910,5.808541
45.558836,-17.555811,-5.059578,-0.274595
45.592392,-17.325361,2.250929,-0.452071
45.625921,-10.006175,6.626489,-5.123924
45.658826,1.898670,9.215761,-9.455788
45.692394,0.274595,3.238573,-8.016672
45.725993,6.982041,5.130658,-9.697013
45.758483,6.566183,2.043524,-10.017847
45.792822,2.246739,4.245520,-0.911924
45.825400,3.953866,-1.676450,-7.392810
45.858942,-11.014170,8.760846,-7.570886
45.892976,-22.133988,11.710010,-3.287207
45.925445,-11.329916,8.947601,-0.349416
45.959395,-6.338127,18.537768,1.454529
45.992828,-14.883338,10.264608,-0.251699
46.025449,-23.840965,4.975778,0.382936
46.058977,-11.717791,6.494953,-8.581125
46.092461,-9.391292,5.049701,-10.808111
46.125451,-3.397643,8.397064,-11.936120
46.159288,10.160158,3.609837,-5.621188
46.191682,11.667960,1.095386,-6.894948
46.225443,11.267964,6.640106,-1.043311
46.259404,2.448308,6.978898,-21.501896
46.291714,-15.889986,5.862562,-5.514193
46.325390,-27.320612,15.574688,1.625871
46.358968,-8.919169,19.586466,1.308777
46.392267,-12.464360,8.682134,0.496216
46.425583,-20.572463,3.441040,-8.357559
46.459271,-17.483983,5.267432,-4.536127
46.492065,-7.890373,6.130872,-11.129844
46.525442,-0.250353,6.458889,-10.454804
46.559239,10.098654,3.883534,-5.743446
46.592121,13.771790,1.513938,-5.052395
46.625397,10.574369,1.792872,-4.024048
46.658970,4.438559,-0.253346,-4.529393
46.692107,-3.670592,4.229059,-13.786305
46.726006,-18.908284,4.399652,-6.892853
46.758958,-24.986481,8.467247,-2.568322
46.791801,-14.180315,20.605235,-2.000726
46.826018,-13.168729,10.693485,2.622942
46.858571,-11.345928,-1.260293,-6.981292
46.892134,-12.641687,1.865748,-7.438003
46.925463,-11.271256,4.907092,-9.301207
46.958996,2.335477,7.478556,-7.462843
46.992263,17.513163,4.162468,-9.367948
47.025571,16.914292,-1.903608,-7.102054
47.059270,3.620611,1.766385,1.612852
47.091759,0.497413,2.262452,-11.835410
47.126123,-22.696795,12.417970,-7.477658
47.159037,-21.903537,20.604038,-5.222838
47.192265,-9.588521,16.784851,3.031168
47.225860,-17.288399,6.259564,2.083479
47.259054,-14.787267,-4.588951,-3.637221
47.292389,-9.494695,6.022081,-6.072062
47.325790,-4.272905,6.363417,-9.270081
47.359190,3.464982,7.005235,-12.498029
47.392373,10.298428,4.218135,-10.488175
47.425757,9.595854,-0.666210,-6.969171
47.459069,3.744515,-1.782397,2.493500
47.492245,3.526635,3.712791,-16.934344
47.526070,-19.331923,10.986785,-5.264439
47.558836,-18.785427,22.806782,-4.690409
47.592369,-10.621058,17.538752,3.478001
47.625973,-16.286989,-0.052076,1.824896
47.658905,-16.642540,-6.527874,-3.418743
47.692249,-12.870640,9.172514,-5.888300
47.725933,-7.819143,6.997903,-7.637776
47.758832,2.216960,7.174631,-12.081723
47.792372,15.377608,3.039548,-10.776537
47.825925,12.590958,1.366240,-6.372096
47.859023,3.189190,0.515670,-0.239129
47.892246,0.690303,8.492237,-11.239083
47.925928,-16.244490,16.266488,-6.083435
47.958464,-24.664450,25.001146,-4.050236
47.992109,-15.485052,19.631509,2.370644
48.025921,-18.025690,-3.701867,-2.614711
48.058870,-15.223925,-8.575289,-4.447987
48.092239,-13.751139,7.732051,-6.262258
48.125933,-2.330539,6.495851,-7.796547
48.158894,5.862412,6.368205,-7.966691
48.192357,17.719670,3.109281,-7.770659
48.225928,12.703489,2.222497,-6.384367
48.258883,2.483474,3.920047,1.078926
48.292234,-1.660588,4.548248,-11.714648
48.325931,-23.438275,16.808794,-2.919833
48.358734,-24.469914,20.914398,-2.254970
48.392181,-13.894348,21.893362,0.018556
48.425634,-22.072185,-8.597137,-2.329941
48.458832,-13.755329,0.632241,-5.023663
48.492267,-10.995764,7.803880,-8.255053
48.525926,-0.437257,9.326048,-8.460663
48.558835,12.735962,3.898049,-4.818054
48.592284,21.256481,2.116999,-6.388557
48.625916,10.062141,1.288875,-4.790071
48.658917,-0.682222,3.877099,-0.144705
48.692423,-5.841013,4.737546,-12.282992
48.729223,-23.561731,15.790324,-3.323719
48.758524,-19.114193,18.020902,-2.007460
48.792392,-14.748510,19.529452,-5.333275
48.825920,-15.802894,-3.672986,-3.045384
48.858387,-12.123174,0.850870,-7.634185
48.892343,-9.660799,6.933407,-9.311682
48.925919,-3.173029,7.193935,-8.520969
48.958887,7.110285,3.752147,-7.146049
48.992995,17.375491,3.866175,-7.007779
49.025032,13.349348,1.457672,-6.838533
49.058820,3.554170,3.466479,-3.048975
49.092632,-4.999272,3.816793,-12.757959
49.126272,-26.801351,15.545807,-2.481230
49.158847,-15.032083,22.036420,-4.195988
49.192274,-12.900270,24.775784,-1.094489
49.225658,-17.113467,-2.799221,-5.330731
49.258995,-14.400590,-2.934349,-7.323526
49.292128,-12.709026,7.998266,-9.033645
49.325643,-0.244666,5.691221,-10.192181
49.358876,10.110775,2.449954,-7.810614
49.392110,17.240514,2.618153,-7.393708
49.425644,9.175956,3.214330,-6.740667
49.458885,0.482449,6.231132,-2.053700
49.492378,-7.264566,10.118856,-13.997601
49.526116,-26.562222,15.869635,-3.064538
49.558861,-18.142711,16.315870,-0.424836
49.592429,-12.173454,17.857192,-0.811514
49.625665,-16.251823,-3.633780,-0.402689
49.659224,-9.457883,-4.020158,-5.785196
49.692127,-10.249345,4.368377,-7.790113
49.725650,-3.858244,6.694128,-9.431995
49.758893,6.192973,4.376308,-10.122148
49.792053,16.706288,3.485184,-6.943433
49.825934,10.871261,2.662896,-5.949504
49.858408,-0.347321,6.661206,3.110179
49.892096,-4.195988,9.583733,-9.797423
49.925770,-30.198246,26.295408,-1.765936
49.958880,-22.961513,20.029559,1.036277
49.992436,-17.222407,13.860229,1.807537
50.025633,-13.678114,-2.586279,-7.942748
50.058547,-9.600942,3.516160,-8.824145
50.092114,-7.359290,7.217579,-8.294260
50.125635,8.282438,5.684038,-9.855784
50.159593,15.805887,2.993158,-8.927848
50.192111,13.673924,3.741972,-5.783700
50.225531,5.571057,2.983880,-4.721534
50.258825,-0.206058,7.243916,-6.035998
50.292338,-6.697120,9.651371,-10.924085
50.325636,-23.664985,16.329338,-2.016588
50.359251,-15.429086,21.492768,0.939907
50.392277,-15.536230,17.567633,-0.598721
50.425937,-17.768753,-6.989822,-7.783828
50.458622,-13.894198,-1.560626,-6.687244
50.492462,-10.129032,8.297252,-9.406107
50.525635,-0.485442,7.396851,-8.971544
50.558482,8.409335,1.670614,-6.950167
50.592952,13.713429,2.276967,-6.073858
50.625398,7.143505,4.054576,0.580465
50.658826,2.339967,1.920518,-12.538583
50.693557,-13.746949,15.396464,-7.408822
50.725445,-23.305841,21.143651,-0.854312
50.759083,-14.316939,21.555169,4.400101
50.793007,-18.201072,2.294924,-1.654452
50.825395,-17.510020,-7.077962,-7.507287
50.859072,-14.366172,8.870535,-5.606074
50.892989,-5.266534,6.288146,-8.599980
50.925444,1.665077,5.458077,-8.243381
50.959271,12.017376,4.733805,-4.908289
50.992823,13.431203,1.516482,-5.567466
51.025441,6.504829,1.237697,0.568942
51.058979,1.011736,3.504937,-5.827246
51.092653,-6.620952,13.069665,-11.872522
51.125393,-20.458435,16.140339,-2.928812
51.159043,-18.041403,20.869205,-0.011373
51.193094,-21.887077,8.684379,-0.725020
51.225173,-17.703658,-4.367180,-0.837402
51.258852,-9.679355,6.982041,-9.331734
51.292056,-9.803858,7.669500,-8.355314
51.325456,-1.970199,6.503782,-8.660586
51.358969,10.153424,3.169138,-7.176876
51.392264,17.689293,2.696416,-6.298172
51.425580,9.523127,2.286844,2.834537
51.458982,1.773269,0.480803,-11.066844
51.492314,-17.616716,8.192652,-8.704880
51.525532,-26.833225,17.314437,-2.107122
51.558994,-15.856616,19.917327,-0.371414
51.592288,-16.076142,5.224783,3.370408
51.625443,-15.726576,-8.613298,-7.328464
51.658977,-13.663897,6.632924,-4.058766
51.692214,-2.883620,8.879962,-8.517527
51.725584,3.935759,6.805163,-11.501856
51.758982,15.796459,2.309739,-9.273673
51.792150,13.709239,0.899504,-6.650282
51.825569,5.228525,0.728761,-4.220230
51.858977,0.448779,8.090147,-6.985782
51.892053,-15.819055,14.963995,-11.782886
51.925741,-29.440005,16.287737,-2.631022
51.959094,-16.571310,16.397425,4.370771
51.992343,-14.441143,3.544742,1.081170
52.025439,-15.941014,-10.476054,-0.472572
52.058763,-14.906981,8.793169,-2.674568
52.092109,-5.410939,5.285987,-7.165353
52.125393,-2.000277,5.866004,-6.744707
52.159428,6.893153,6.775683,-5.860467
52.191970,19.234955,0.356150,-8.214350
52.225450,9.896187,0.639424,-2.714224
52.259365,2.882273,11.431674,-8.281989
52.291895,-20.960338,13.876091,-2.981486
52.325450,-26.832626,12.125119,1.205374
52.359310,-13.805310,18.008182,-1.183825
52.393380,-24.107628,1.224079,-4.447239
52.425395,-15.983513,2.358522,-8.304884
52.459034,-10.823974,6.787205,-8.831927
52.492117,0.064047,2.766748,-8.822050
52.525564,8.741393,4.520115,-10.173476
52.559256,8.977679,1.988306,-5.146221
52.592102,11.276045,5.647525,-4.135682
52.625440,4.920709,5.111504,1.477724
52.659370,-1.173051,2.574757,-7.816300
52.692113,-18.898707,10.034009,-1.928149
52.725557,-24.905824,20.682900,-0.271602
52.759223,-20.714923,25.004289,-3.099704
52.792181,-19.665477,4.498716,1.299948
52.825560,-15.408435,-9.217557,-6.186838
52.859416,-12.899671,9.044719,-7.821238
52.892108,-5.518233,7.386825,-8.297252
52.925515,6.847661,3.144597,-5.510452
52.959256,19.384448,8.186517,-5.297809
52.991910,14.998862,2.581939,3.397643
53.025440,11.467588,-11.685318,-1.426995
53.059370,8.217792,7.170142,-13.151071
53.091742,-16.904415,25.288760,-11.430925
53.125441,-26.716653,25.072227,-4.940462
53.159044,-11.085998,23.286687,-4.034972
53.192184,-9.530460,4.499763,-2.355979
53.225432,-10.392254,-6.407262,-0.886934
53.259383,-7.632389,0.006884,0.953525
53.291978,-7.989138,-0.175382,2.376180
53.325439,-6.216916,-0.443841,-0.435311
53.359357,-4.216639,3.562999,-1.928299
53.391995,-2.536448,12.603976,-4.813864
53.425234,-2.080486,16.940031,-6.172023
53.459083,-2.406259,21.753446,-3.883534
53.491857,-2.260057,15.815314,0.925392
53.525391,-1.299499,12.001065,1.416819
53.559255,-1.917225,9.991510,0.902347
53.592108,-4.312560,6.639059,0.070482
53.625639,-3.051818,4.517870,-0.863440
53.659872,-1.830133,1.690666,-1.569455
53.692130,-1.692162,2.069263,-3.253687
53.725788,-3.154773,11.571291,-5.001217
53.758876,-7.514171,17.402128,-5.781755
53.792120,-7.947687,9.755074,2.624887
53.825793,-5.162532,3.365021,5.714266
53.858823,-3.458847,7.421841,3.763370
53.892595,-3.940548,12.312023,-0.248707
53.925463,-4.170699,12.581680,-0.931228
53.958883,-4.328273,8.854373,0.516717
53.992755,-5.294667,10.823525,1.427743
54.025530,-8.133693,9.363309,1.326734
54.058987,-10.344817,8.872181,-1.307281
54.092726,-8.483259,8.416368,-1.139531
54.125392,-8.046900,8.084311,-1.029693
54.158751,-8.334813,7.176576,-2.013895
54.192689,-8.677794,5.563126,-2.578049
54.225447,-7.732500,4.194791,-2.586129
54.259235,-6.229786,2.889007,-2.103980
54.292380,-5.105219,3.721022,-2.398627
54.325410,-3.972422,2.152913,-1.936230
54.358992,-3.586193,1.878618,0.996921
54.392730,-3.923189,4.820748,-0.754051
54.425413,-4.594338,5.089806,-0.778592
54.459063,-4.263627,9.981185,1.245478
54.492639,-6.812046,13.948518,1.121724
54.525304,-9.495144,20.581741,3.809909
54.558380,-8.829532,23.972202,7.040401
54.592357,-7.850568,29.118422,4.731860
54.625406,-8.582173,30.000867,-0.218628
54.659542,-8.662232,26.750024,-6.094957
54.692181,-5.763947,21.185700,-8.816962
54.725388,-0.419300,15.285578,-9.909655
54.759308,7.016758,10.556412,-7.487684
54.792109,8.335561,7.610691,-7.027682
54.825443,5.973896,5.085765,-5.826947
54.859776,5.241394,3.524391,-2.320364
54.892063,4.140620,2.310936,-2.203642
54.925441,2.492303,0.482898,-2.473897
54.959357,-1.766984,3.132476,-3.153127
54.992105,-5.380861,2.497990,-0.060306
55.025072,-3.113471,-0.045940,-0.367673
55.059323,-2.664393,0.174484,-2.421223
55.092060,-4.526549,-0.428877,-5.666829
55.125437,-12.559533,7.850419,-5.375474
55.159349,-20.334531,7.070180,1.082816
55.192183,-16.910252,18.006685,1.235303
55.225633,-11.322434,29.630351,4.282482
55.259105,-9.455339,24.525282,7.885884
55.292117,-10.607440,15.025948,4.629055
55.325630,-8.839858,9.904567,1.230065
55.358959,-9.298364,4.527148,-3.769955
55.392173,-13.849305,1.964213,-7.576722
55.425933,-13.383616,4.083906,-4.989395
55.458509,3.283166,9.576999,-10.055108
55.492630,25.193288,6.962587,-10.501493
55.525088,20.424915,2.778421,-8.504209
55.558887,12.164475,-1.343494,-7.821089
55.592348,2.677561,1.701740,-12.464958
55.625050,-16.362259,7.246609,-5.854930
55.658391,-34.279757,22.631401,0.273547
55.692424,-12.934837,20.507219,2.370644
55.725554,-12.155646,20.912602,-2.036940
55.758770,-16.418674,-1.890140,-2.667834
55.792248,-19.892785,0.147249,-0.801338
55.825654,-9.999740,9.404610,-2.791888
55.858901,-1.805293,4.932980,-5.811234
55.892524,-0.276690,5.345545,-5.633458
55.925644,7.241521,4.563811,-11.349071
55.958949,7.816899,3.938752,-6.240261
55.992346,5.579437,-0.993180,-0.011971
56.025823,12.893536,1.018769,-5.059278
56.058915,2.164735,2.566676,-13.077447
56.092226,-16.180593,7.182562,-5.164178
56.126378,-30.358065,19.938426,1.844349
56.158845,-11.669307,25.873415,1.227072
56.192352,-5.826049,15.432827,-3.259523
56.226235,-23.991505,-3.126939,0.897858
56.258898,-15.840155,9.971458,-2.076595
56.292231,-10.952068,9.048909,-7.274742
56.325654,-6.646691,6.199258,-8.037173
56.358912,1.675402,3.906579,-5.152356
56.392175,19.788634,6.570223,-5.672366
56.425647,16.171165,4.608853,3.162255
56.458750,12.974193,-8.003653,-5.945015
56.492109,7.547691,13.475347,-9.460427
56.525845,-2.797575,12.646475,-18.320187
56.558964,-33.651257,19.087108,-7.199621
56.592061,-16.728585,17.857791,-4.691606
56.625573,-8.415770,13.189679,-3.616571
56.658782,-4.414617,0.590042,-5.705437
56.692048,-5.867051,-2.571614,-0.672495
56.725613,-6.480437,0.907734,4.347876
56.758833,-7.697633,-0.337744,-0.549938
56.792156,-5.660993,-0.723673,-1.089700
56.825532,-5.850141,-0.294348,-0.199324
56.858837,-5.275512,3.691991,-3.004830
56.892099,-5.109558,9.415983,-6.793341
56.925635,-6.915449,13.025820,-6.591772
56.959020,-7.522401,19.246627,-4.465046
56.992163,-5.524967,20.816980,-2.615609
57.025723,-3.778335,16.048308,-0.025290
57.058825,-2.600196,8.695602,0.560413
57.092244,-2.339817,6.234873,-0.073924
57.125921,-2.782461,5.329085,-1.648467
57.158831,-3.107934,7.486936,-2.397280
57.192175,-4.070438,7.593033,-1.453183
57.225920,-4.230705,8.326582,-1.290970
57.258586,-5.288980,9.297915,-0.594382
57.292135,-6.346058,7.926587,-0.741182
57.325633,-4.476419,11.179525,-0.835756
57.358797,-3.004681,12.703788,0.200073
57.392233,-5.811384,12.532597,0.831267
57.425701,-8.451385,10.740473,0.866582
57.459037,-11.379598,7.816450,1.246226
57.492508,-9.632516,7.870321,-1.520522
57.525653,-8.147310,7.728909,-2.408354
57.558884,-7.920601,4.945400,-1.969301
57.592627,-7.459252,5.133501,-1.994441
57.625654,-5.996492,4.368377,-2.058488
57.658929,-5.263990,3.671041,-3.437448
57.692363,-5.283294,4.842446,-1.999529
57.725655,-3.850313,4.837956,4.085103
57.758481,-2.796378,6.309844,0.872418
57.792444,-4.335755,8.110947,1.255504
57.825112,-5.390887,8.427143,2.218606
57.858845,-5.360809,12.941571,1.298901
57.892291,-6.812196,17.046576,1.649963
57.925740,-9.753129,22.584712,2.512954
57.958920,-11.269760,26.792073,3.720573
57.992836,-11.997923,28.875702,-0.208153
58.025460,-11.150644,27.942827,-4.948393
58.058869,-3.045982,20.072806,-10.784618
58.092635,4.062207,14.231493,-12.156544
58.125780,5.608318,8.402152,-11.709112
58.158905,5.255460,7.301379,-8.234702
58.192881,8.987555,6.190878,-5.146670
58.225780,7.120161,5.161185,-4.475072
58.258544,4.138675,5.964020,-3.322971
58.292671,1.243234,10.534564,-3.425776
58.325658,-1.666274,4.942407,-1.554491
58.358779,-3.062293,6.764759,0.069584
58.392691,-3.913013,2.550963,2.330539
58.425523,-6.941338,5.519131,-3.662361
58.458913,-20.938789,16.901722,3.929025
58.492407,-29.049437,18.609148,5.379065
58.525650,-24.435197,23.829741,7.070779
58.558834,-12.626573,23.059380,6.005770
58.592443,-14.552028,7.677132,-0.770063
58.625563,-10.516008,7.924342,-6.264802
58.658998,-9.239704,4.791567,-7.645258
58.692597,-2.527918,8.499420,-10.058999
58.725684,0.995126,4.013274,-8.250414
58.759076,14.307661,7.098014,-9.386803
58.792770,12.538882,2.948864,-9.302853
58.825436,8.580227,1.580828,-0.992582
58.859184,7.087240,-2.212770,-6.616014
58.892584,-3.488177,1.271366,-12.117038
58.925215,-31.917194,2.786950,-2.910106
58.958872,-27.105126,9.918035,-0.102655
58.992362,-11.091236,20.171869,-0.073774
59.025716,-12.903262,6.670334,1.766086
59.059216,-15.237992,1.099127,-1.926503
59.092313,-13.213622,7.465687,-3.036106
59.125443,-8.897770,5.461668,-6.649384
59.159132,-2.698960,7.211892,-7.463292
59.192238,8.518574,7.368419,-9.920579
59.225444,12.797465,0.243918,-7.116570
59.259111,10.584844,0.257536,-1.206721
59.292488,7.891720,0.173735,-7.113427
59.325582,-6.751291,3.585595,-10.970773
59.359382,-21.745066,2.417781,-6.090468
59.391915,-26.529001,12.543072,-4.418507
59.425402,-13.402022,18.378249,-0.576574
59.459292,-13.727645,10.251140,4.226665
59.492203,-12.232263,-0.246761,-2.624887
59.525444,-12.088606,5.622235,-4.384239
59.559349,-9.543778,3.307857,-6.451407
59.592370,-3.186347,4.175338,-6.307450
59.625579,9.632816,4.542861,-7.346421
59.659316,16.448004,1.981123,-10.239468
59.692310,9.180295,0.512976,-6.246546
59.725577,0.961306,2.347299,-5.693465
59.759261,-6.167833,8.003653,-14.211740
59.792748,-26.514186,10.387166,-3.496856
59.825450,-16.405506,13.766852,-0.546945
59.859203,-14.204557,20.353087,4.640278
59.892230,-17.271041,3.377292,4.553635
59.925676,-16.156201,4.030034,-2.506519
59.958790,-14.543798,12.125718,-5.036233
59.992258,-3.178865,4.353712,-7.938558
60.025377,11.048737,2.844862,-10.196221
60.058720,16.562332,5.983773,-8.461411
60.092129,12.841011,1.537581,-6.350098
60.125418,4.237290,3.011714,-0.525546
60.158370,-0.650498,3.275983,-18.454716
60.193327,-20.274973,13.327949,-8.500318
60.226003,-28.511920,11.919210,2.795779
